<beans xmlns="http://www.springframework.org/schema/beans"
	xmlns:xsi="http://www.w3.org/2001/XMLSchema-instance"
	xsi:schemaLocation="http://www.springframework.org/schema/beans http://www.springframework.org/schema/beans/spring-beans-2.0.xsd">
	<bean id="propertyPlaceholder"
		class="org.springframework.beans.factory.config.PropertyPlaceholderConfigurer">
		<property name="locations">
			<value>classpath:Config.properties</value>
		</property>
	</bean>
	<bean id="config" class="com.messanger.engine.uc.config.Config"
		scope="singleton">		
		<property name="properties">
			<bean
				class="org.springframework.beans.factory.config.PropertiesFactoryBean">
				<property name="location">
					<value>classpath:Config.properties</value>
				</property>
			</bean>
		</property>
	</bean>
</beans>