<list>
  <dept>
    <companyCode>00168</companyCode>
    <pdeptCode>00092</pdeptCode>
    <deptCode>00091</deptCode>
    <deptName><![CDATA[항공영업팀]]></deptName>
  </dept>
  <dept>
    <companyCode>00170</companyCode>
    <pdeptCode>00056</pdeptCode>
    <deptCode>00000</deptCode>
    <deptName><![CDATA[유니코해운]]></deptName>
  </dept>
  <dept>
    <companyCode>00168</companyCode>
    <pdeptCode>00088</pdeptCode>
    <deptCode>00008</deptCode>
    <deptName><![CDATA[프로젝 개발팀]]></deptName>
  </dept>
  <dept>
    <companyCode>00168</companyCode>
    <pdeptCode>00073</pdeptCode>
    <deptCode>00001</deptCode>
    <deptName><![CDATA[벌커영업팀]]></deptName>
  </dept>
  <dept>
    <companyCode>00168</companyCode>
    <pdeptCode>00090</pdeptCode>
    <deptCode>00072</deptCode>
    <deptName><![CDATA[파나막스팀]]></deptName>
  </dept>
  <dept>
    <companyCode>00168</companyCode>
    <pdeptCode>00083</pdeptCode>
    <deptCode>00006</deptCode>
    <deptName><![CDATA[해상영업팀]]></deptName>
  </dept>
  <dept>
    <companyCode>00170</companyCode>
    <pdeptCode>00069</pdeptCode>
    <deptCode>00000</deptCode>
    <deptName><![CDATA[기타]]></deptName>
  </dept>
  <dept>
    <companyCode>00168</companyCode>
    <pdeptCode>00004</pdeptCode>
    <deptCode>00000</deptCode>
    <deptName><![CDATA[ULHQ]]></deptName>
  </dept>
  <dept>
    <companyCode>00168</companyCode>
    <pdeptCode>00012</pdeptCode>
    <deptCode>00091</deptCode>
    <deptName><![CDATA[항공운영팀]]></deptName>
  </dept>
  <dept>
    <companyCode>00168</companyCode>
    <pdeptCode>00013</pdeptCode>
    <deptCode>00006</deptCode>
    <deptName><![CDATA[글로벌영업팀]]></deptName>
  </dept>
  <dept>
    <companyCode>00168</companyCode>
    <pdeptCode>00089</pdeptCode>
    <deptCode>00008</deptCode>
    <deptName><![CDATA[프로젝 운영팀]]></deptName>
  </dept>
  <dept>
    <companyCode>00168</companyCode>
    <pdeptCode>00080</pdeptCode>
    <deptCode>00007</deptCode>
    <deptName><![CDATA[TCR팀]]></deptName>
  </dept>
  <dept>
    <companyCode>00168</companyCode>
    <pdeptCode>00075</pdeptCode>
    <deptCode>00072</deptCode>
    <deptName><![CDATA[핸디팀]]></deptName>
  </dept>
  <dept>
    <companyCode>00168</companyCode>
    <pdeptCode>00064</pdeptCode>
    <deptCode>00004</deptCode>
    <deptName><![CDATA[대표이사]]></deptName>
  </dept>
  <dept>
    <companyCode>00168</companyCode>
    <pdeptCode>00085</pdeptCode>
    <deptCode>00006</deptCode>
    <deptName><![CDATA[해상업무팀]]></deptName>
  </dept>
  <dept>
    <companyCode>00168</companyCode>
    <pdeptCode>00002</pdeptCode>
    <deptCode>00001</deptCode>
    <deptName><![CDATA[구축팀]]></deptName>
  </dept>
  <dept>
    <companyCode>00168</companyCode>
    <pdeptCode>00025</pdeptCode>
    <deptCode>00000</deptCode>
    <deptName><![CDATA[ULSH]]></deptName>
  </dept>
  <dept>
    <companyCode>00168</companyCode>
    <pdeptCode>00017</pdeptCode>
    <deptCode>00009</deptCode>
    <deptName><![CDATA[경영지원팀]]></deptName>
  </dept>
  <dept>
    <companyCode>00168</companyCode>
    <pdeptCode>00015</pdeptCode>
    <deptCode>00007</deptCode>
    <deptName><![CDATA[장비팀]]></deptName>
  </dept>
  <dept>
    <companyCode>00168</companyCode>
    <pdeptCode>00006</pdeptCode>
    <deptCode>00004</deptCode>
    <deptName><![CDATA[해상사업부]]></deptName>
  </dept>
  <dept>
    <companyCode>00168</companyCode>
    <pdeptCode>00026</pdeptCode>
    <deptCode>00000</deptCode>
    <deptName><![CDATA[ULTJ]]></deptName>
  </dept>
  <dept>
    <companyCode>00168</companyCode>
    <pdeptCode>00074</pdeptCode>
    <deptCode>00072</deptCode>
    <deptName><![CDATA[선박관리팀]]></deptName>
  </dept>
  <dept>
    <companyCode>00168</companyCode>
    <pdeptCode>00027</pdeptCode>
    <deptCode>00000</deptCode>
    <deptName><![CDATA[ULQD]]></deptName>
  </dept>
  <dept>
    <companyCode>00168</companyCode>
    <pdeptCode>00028</pdeptCode>
    <deptCode>00000</deptCode>
    <deptName><![CDATA[ULGZ]]></deptName>
  </dept>
  <dept>
    <companyCode>00168</companyCode>
    <pdeptCode>00016</pdeptCode>
    <deptCode>00007</deptCode>
    <deptName><![CDATA[TSR팀]]></deptName>
  </dept>
  <dept>
    <companyCode>00168</companyCode>
    <pdeptCode>00010</pdeptCode>
    <deptCode>00009</deptCode>
    <deptName><![CDATA[재무회계팀]]></deptName>
  </dept>
  <dept>
    <companyCode>00168</companyCode>
    <pdeptCode>00014</pdeptCode>
    <deptCode>00009</deptCode>
    <deptName><![CDATA[전략기획팀]]></deptName>
  </dept>
  <dept>
    <companyCode>00168</companyCode>
    <pdeptCode>00023</pdeptCode>
    <deptCode>00000</deptCode>
    <deptName><![CDATA[ULJP]]></deptName>
  </dept>
  <dept>
    <companyCode>00168</companyCode>
    <pdeptCode>00029</pdeptCode>
    <deptCode>00000</deptCode>
    <deptName><![CDATA[ULTH]]></deptName>
  </dept>
  <dept>
    <companyCode>00168</companyCode>
    <pdeptCode>00066</pdeptCode>
    <deptCode>00000</deptCode>
    <deptName><![CDATA[ULAE]]></deptName>
  </dept>
  <dept>
    <companyCode>00168</companyCode>
    <pdeptCode>00031</pdeptCode>
    <deptCode>00000</deptCode>
    <deptName><![CDATA[ULRU]]></deptName>
  </dept>
  <dept>
    <companyCode>00168</companyCode>
    <pdeptCode>00091</pdeptCode>
    <deptCode>00004</deptCode>
    <deptName><![CDATA[항공사업부]]></deptName>
  </dept>
  <dept>
    <companyCode>00168</companyCode>
    <pdeptCode>00018</pdeptCode>
    <deptCode>00009</deptCode>
    <deptName><![CDATA[IT파트]]></deptName>
  </dept>
  <dept>
    <companyCode>00168</companyCode>
    <pdeptCode>00007</pdeptCode>
    <deptCode>00004</deptCode>
    <deptName><![CDATA[철송사업부]]></deptName>
  </dept>
  <dept>
    <companyCode>00168</companyCode>
    <pdeptCode>00008</pdeptCode>
    <deptCode>00004</deptCode>
    <deptName><![CDATA[프로젝트사업부]]></deptName>
  </dept>
  <dept>
    <companyCode>00168</companyCode>
    <pdeptCode>00063</pdeptCode>
    <deptCode>00000</deptCode>
    <deptName><![CDATA[ULVYP]]></deptName>
  </dept>
  <dept>
    <companyCode>00168</companyCode>
    <pdeptCode>00032</pdeptCode>
    <deptCode>00000</deptCode>
    <deptName><![CDATA[ULSPB]]></deptName>
  </dept>
  <dept>
    <companyCode>00168</companyCode>
    <pdeptCode>00034</pdeptCode>
    <deptCode>00000</deptCode>
    <deptName><![CDATA[ULVVO]]></deptName>
  </dept>
  <dept>
    <companyCode>00168</companyCode>
    <pdeptCode>00072</pdeptCode>
    <deptCode>00004</deptCode>
    <deptName><![CDATA[해운사업부]]></deptName>
  </dept>
  <dept>
    <companyCode>00168</companyCode>
    <pdeptCode>00009</pdeptCode>
    <deptCode>00004</deptCode>
    <deptName><![CDATA[경영관리부]]></deptName>
  </dept>
  <dept>
    <companyCode>00168</companyCode>
    <pdeptCode>00100</pdeptCode>
    <deptCode>00004</deptCode>
    <deptName><![CDATA[재경담당]]></deptName>
  </dept>
  <dept>
    <companyCode>00168</companyCode>
    <pdeptCode>00035</pdeptCode>
    <deptCode>00000</deptCode>
    <deptName><![CDATA[ULUA]]></deptName>
  </dept>
  <dept>
    <companyCode>00168</companyCode>
    <pdeptCode>00048</pdeptCode>
    <deptCode>00000</deptCode>
    <deptName><![CDATA[ULKG]]></deptName>
  </dept>
  <dept>
    <companyCode>00168</companyCode>
    <pdeptCode>00036</pdeptCode>
    <deptCode>00000</deptCode>
    <deptName><![CDATA[ULKZ]]></deptName>
  </dept>
  <dept>
    <companyCode>00168</companyCode>
    <pdeptCode>00037</pdeptCode>
    <deptCode>00000</deptCode>
    <deptName><![CDATA[ULUZ]]></deptName>
  </dept>
  <dept>
    <companyCode>00168</companyCode>
    <pdeptCode>00038</pdeptCode>
    <deptCode>00000</deptCode>
    <deptName><![CDATA[ULVN]]></deptName>
  </dept>
  <dept>
    <companyCode>00168</companyCode>
    <pdeptCode>00020</pdeptCode>
    <deptCode>00004</deptCode>
    <deptName><![CDATA[부산사무소]]></deptName>
  </dept>
  <dept>
    <companyCode>00168</companyCode>
    <pdeptCode>00099</pdeptCode>
    <deptCode>00004</deptCode>
    <deptName><![CDATA[인터모달팀]]></deptName>
  </dept>
  <dept>
    <companyCode>00168</companyCode>
    <pdeptCode>00039</pdeptCode>
    <deptCode>00000</deptCode>
    <deptName><![CDATA[ULTR]]></deptName>
  </dept>
  <dept>
    <companyCode>00168</companyCode>
    <pdeptCode>00040</pdeptCode>
    <deptCode>00000</deptCode>
    <deptName><![CDATA[ULUS]]></deptName>
  </dept>
  <dept>
    <companyCode>00168</companyCode>
    <pdeptCode>00041</pdeptCode>
    <deptCode>00000</deptCode>
    <deptName><![CDATA[ULBV]]></deptName>
  </dept>
  <dept>
    <companyCode>00168</companyCode>
    <pdeptCode>00042</pdeptCode>
    <deptCode>00000</deptCode>
    <deptName><![CDATA[ULSK]]></deptName>
  </dept>
  <dept>
    <companyCode>00168</companyCode>
    <pdeptCode>00043</pdeptCode>
    <deptCode>00000</deptCode>
    <deptName><![CDATA[ULPL]]></deptName>
  </dept>
  <dept>
    <companyCode>00168</companyCode>
    <pdeptCode>00052</pdeptCode>
    <deptCode>00000</deptCode>
    <deptName><![CDATA[ULHU]]></deptName>
  </dept>
  <dept>
    <companyCode>00168</companyCode>
    <pdeptCode>00045</pdeptCode>
    <deptCode>00000</deptCode>
    <deptName><![CDATA[ULAZ]]></deptName>
  </dept>
  <dept>
    <companyCode>00168</companyCode>
    <pdeptCode>00046</pdeptCode>
    <deptCode>00000</deptCode>
    <deptName><![CDATA[ULAUH]]></deptName>
  </dept>
  <dept>
    <companyCode>00168</companyCode>
    <pdeptCode>00065</pdeptCode>
    <deptCode>00000</deptCode>
    <deptName><![CDATA[ULIN]]></deptName>
  </dept>
  <dept>
    <companyCode>00168</companyCode>
    <pdeptCode>00076</pdeptCode>
    <deptCode>00000</deptCode>
    <deptName><![CDATA[ULMX]]></deptName>
  </dept>
  <dept>
    <companyCode>00168</companyCode>
    <pdeptCode>00081</pdeptCode>
    <deptCode>00000</deptCode>
    <deptName><![CDATA[ULIR]]></deptName>
  </dept>
  <dept>
    <companyCode>00168</companyCode>
    <pdeptCode>00060</pdeptCode>
    <deptCode>00000</deptCode>
    <deptName><![CDATA[기타]]></deptName>
  </dept>
  <dept>
    <companyCode>00168</companyCode>
    <pdeptCode>00001</pdeptCode>
    <deptCode>00000</deptCode>
    <deptName><![CDATA[유와이즈원]]></deptName>
  </dept>
</list>