<?xml version="1.0" encoding="UTF-8"?>
<!DOCTYPE properties SYSTEM "http://java.sun.com/dtd/properties.dtd">
<properties version="1.0">
	<entry key="10001">ユーザーが存在しません。</entry>
	<entry key="10002">パスワードが間違っています。</entry>
	<entry key="10003">会社情報が存在しません。</entry>
	<entry key="10004">部署情報が存在しません。</entry>
	<entry key="10005">ユーザー情報が存在しません。</entry>
	<entry key="10006">メッセージタイプが正しくありません。</entry>
	<entry key="10007">ヘッダーのUIDのバイト長さが正しくありません。헤더의 UID의 바이트 길이가 올바르지 않습니다.</entry>
	<entry key="10008">プロパティブロックの長さと実際のプロパティバイトの長さが異なります。</entry>
	<entry key="10009">データの長さと実際のデータバイトの長さが異なります。</entry>
	<entry key="10010">ログインメッセージのヘッダタイプが正しくありません。</entry>
	<entry key="10011">ロケール情報が正しくありません。</entry>
	<entry key="10013">メッセージを受け取る対象のUIDがありません。</entry>
	<entry key="10014">転送するメッセージはありません。</entry>
	<entry key="10015">{0}は、接続状態ではありません。</entry>
	<entry key="10016">{0}}へのメッセージ転送に失敗しました。</entry>
	<entry key="10017">{0}へのメモ転送に失敗しました。</entry>
	<entry key="10018">データベースに接続できません。</entry>
	<entry key="10019">環境設定ファイルを読み込むことができません。</entry>
	<entry key="10020">システム上にユーザーのフォルダ作成中にエラーが発生しました。</entry>
	<entry key="10021">{0}のユーザーセッションは存在しません。</entry>
	<entry key="10022">変更するユーザーの状態値がありません。</entry>
	<entry key="10023">チャットルームのID情報がありません。</entry>
	<entry key="10024">転送するファイル名の情報がありません。</entry>
	<entry key="10025">転送するファイルのサイズ情報がありません。</entry>
	<entry key="10026">何人かのユーザーにファイルを転送する機能は、現在サポートしていません。</entry>
	<entry key="10027">そのアプリケーションのコード[{0}]は、現在サポートしていません。</entry>
	<entry key="10028">現在お使いのバージョン[{0}]のクライアントは、サポートしていません。 [{1}]バージョン以上のクライアントにアップグレードした後に使用してください。</entry>
	<entry key="10029">社員番号情報には、ドメイン('@')は付きません。</entry>
	<!-- XFon Message -->
	<entry key="11001">PBX 連結障害.PBXとの接続が切断され、メッセージの処理が出来ませんでした。しばらくしてからもう一度お試しください。</entry>
	<entry key="11002">要請した番号は数字ではありません。確認してからご利用ください。</entry>
	<entry key="11003">要請した番号はありません。確認してからご利用ください。</entry>
	<entry key="11004">現在通話中の番号ではありません。</entry>
	<entry key="11005">送信者又は受信者の電話番号の値を確認してください。</entry>
	
	<entry key="11101">{0}({1})から {2}に留守番電話が来ました。</entry>
	<entry key="11201">電話番号[{0}]形式が間違っています。確認してください。</entry>

	<!-- APNS -->
	<entry key="C000011">메일 도착. [ {0} ]</entry>
	<entry key="C000001">결제 도착.</entry>
</properties>